employeeid,lname,fname,mname
1001,Smith,John,Michael
1002,Garcia,Maria,Isabel
1003,Johnson,Robert James,William
1004,Williams,Mary Ann,Louise
1005,Brown,David,Edward
1006,Jones,Jennifer Lynn,Marie
1007,Miller,Richard,Thomas
1008,Davis,Patricia Sue,Anne
1009,Rodriguez,Juan Carlos,Antonio
1010,Martinez,Ana Sofia,Luisa
1011,Hernandez,Carlos Alberto,
1012,Lopez,Laura Elizabeth,
1013,Gonzalez,Jose Manuel,Ramon
1014,Wilson,Barbara Jean,
1015,Anderson,Linda Marie,
1016,Thomas,Christopher Mark,
1017,Taylor,Susan Kay,
1018,Moore,Daniel Joseph,
1019,Jackson,Karen Marie,
1020,Martin,Steven Paul,
1021,Lee,Sarah Elizabeth,
1022,Perez,Miguel Angel,
1023,Thompson,Amanda Grace,
1024,White,Kevin Michael,
1025,Harris,Lisa Michelle,
1026,Sanchez,Francisco Javier,
1028,Clark,Brian Scott,
1029,Ramirez,Veronica Alejandra,
1030,Lewis,Matthew Ryan,
1031,Robinson,Nancy Ellen,
1032,Walker,Jeffrey Thomas,
1033,Young,Stephanie Ann,
1034,Allen,Timothy Wayne,
1035,King,Cynthia Marie,
1036,Wright,Paul Richard,
1037,Scott,Melissa Jane,
1038,Torres,Ricardo Andres,
1039,Nguyen,Kim Loan,
1040,Hill,Christine Marie,
1041,Flores,Guadalupe Maria,
1042,Green,Mark Anthony,
1043,Adams,Rebecca Sue,
1044,Nelson,Eric James,
1045,Baker,Amy Elizabeth,
1046,Rivera,Jorge Luis,
1047,Campbell,Heather Ann,
1048,Mitchell,Jason Robert,
1049,Carter,Emily Rose,
1050,Roberts,Justin Tyler,
1051,Gomez,Sofia Catalina,
1052,Phillips,Andrew Joseph,
1053,Evans,Katherine May,
1054,Turner,Ryan Christopher,
1055,Diaz,Isabella Maria,
1056,Parker,Nicole Lynn,
1057,Cruz,Diego Alejandro,
1058,Edwards,Victoria Anne,
1059,Collins,Patrick Sean,
1060,Reyes,Daniela Fernanda,
1061,Stewart,Megan Elizabeth,
1062,Morris,Nathaniel Scott,
1063,Morales,Valentina Sofia,
1064,Murphy,Sean Patrick,
1065,Cook,Danielle Marie,
1066,Rogers,Benjamin Thomas,
1067,Morgan,Olivia Grace,
1068,Peterson,Jonathan David,
1069,Cooper,Emma Katherine,
1070,Reed,Alexander James,
1071,Bailey,Samantha Rose,
1072,Bell,Joshua Michael,
1073,Murphy,Lauren Elizabeth,
1074,Howard,Jacob William,
1075,Kim,Ji-Hoon,
1076,Ward,Madeline Claire,
1077,Cox,Tyler Joseph,
1078,Diaz,Camila Alejandra,
1079,Richardson,Ashley Nicole,
1080,Wood,Jonathan Paul,
1081,Watson,Elizabeth Ann,
1082,Brooks,Christopher Alan,
1083,Bennett,Victoria Lynn,
1084,Gray,Justin Michael,
1085,James,Amanda Marie,
1086,Reyes,Luis Fernando,
1087,Kelly,Erin Margaret,
1088,Sanders,Matthew James,
1089,Price,Sarah Elizabeth,
1090,Barnes,Rachel Anne,
1091,Henderson,Daniel Joseph,
1092,Coleman,Lauren Michelle,
1093,Simmons,Andrew Thomas,
1094,Patterson,Emily Grace,
1095,Jordan,Ryan Christopher,
1096,Reynolds,Michelle Lee,
1097,Hamilton,David Michael,
1098,Graham,Katherine Ann,
1099,Kim,Min-Jae,
1100,West,Brandon Scott,